KYCID,CustomerID,DocumentType,DocumentNumber,VerifiedBy
1,0,Utility Bill,DOC714618,Alice Brown
2,1,Utility Bill,DOC806597,Alice Brown
3,2,Passport,DOC855063,KYC Bot
4,3,Driver License,DOC658660,John Smith
5,4,Utility Bill,DOC814420,Verification Team
6,5,Utility Bill,DOC470520,Verification Team
7,6,Driver License,DOC270447,SystemAuto
8,7,Utility Bill,DOC260490,Alice Brown
9,8,Driver License,DOC446720,SystemAuto
10,9,National ID,DOC987322,SystemAuto
11,10,National ID,DOC883700,Alice Brown
12,11,Driver License,DOC959916,SystemAuto
13,12,National ID,DOC109533,John Smith
14,13,Passport,DOC713346,Verification Team
15,14,Driver License,DOC956014,John Smith
16,15,National ID,DOC153744,KYC Bot
17,16,Driver License,DOC692308,John Smith
18,17,Passport,DOC263752,Verification Team
19,18,Passport,DOC461319,Alice Brown
20,19,Driver License,DOC480835,John Smith
21,20,Utility Bill,DOC405335,KYC Bot
22,21,Passport,DOC756107,Verification Team
23,22,Driver License,DOC407677,Verification Team
24,23,Utility Bill,DOC438692,SystemAuto
25,24,Driver License,DOC618897,Verification Team
26,25,National ID,DOC920809,SystemAuto
27,26,Utility Bill,DOC523266,KYC Bot
28,27,Utility Bill,DOC729882,SystemAuto
29,28,Driver License,DOC551942,Verification Team
30,29,Passport,DOC278295,KYC Bot
31,30,Passport,DOC101061,KYC Bot
32,31,Passport,DOC926634,John Smith
33,32,Utility Bill,DOC247596,KYC Bot
34,33,Passport,DOC696223,Verification Team
35,34,Utility Bill,DOC145719,Alice Brown
36,35,Driver License,DOC563354,John Smith
37,36,National ID,DOC231961,KYC Bot
38,37,Driver License,DOC457927,Alice Brown
39,38,Passport,DOC109770,KYC Bot
40,39,National ID,DOC856678,SystemAuto
41,40,National ID,DOC603749,Verification Team
42,41,National ID,DOC796473,Verification Team
43,42,National ID,DOC958141,Alice Brown
44,43,Utility Bill,DOC795034,John Smith
45,44,Passport,DOC916439,KYC Bot
46,45,Passport,DOC370112,John Smith
47,46,Driver License,DOC883581,Alice Brown
48,47,Utility Bill,DOC741951,KYC Bot
49,48,Passport,DOC296770,KYC Bot
50,49,Driver License,DOC173658,SystemAuto
51,50,Driver License,DOC675539,KYC Bot
52,51,Passport,DOC544469,SystemAuto
53,52,Driver License,DOC392245,Verification Team
54,53,National ID,DOC970469,KYC Bot
55,54,Driver License,DOC282277,KYC Bot
56,55,Utility Bill,DOC655252,John Smith
57,56,Passport,DOC278109,KYC Bot
58,57,Utility Bill,DOC166361,John Smith
59,58,Driver License,DOC790866,Alice Brown
60,59,National ID,DOC770449,KYC Bot
61,60,Driver License,DOC265047,KYC Bot
62,61,National ID,DOC707845,John Smith
63,62,National ID,DOC215399,John Smith
64,63,National ID,DOC628401,KYC Bot
65,64,Passport,DOC762835,Alice Brown
66,65,Driver License,DOC935359,Alice Brown
67,66,Utility Bill,DOC669820,KYC Bot
68,67,Passport,DOC734436,Verification Team
69,68,Passport,DOC503385,John Smith
70,69,National ID,DOC891416,Verification Team
71,70,National ID,DOC555750,SystemAuto
72,71,Passport,DOC378668,John Smith
73,72,Passport,DOC426524,Alice Brown
74,73,Utility Bill,DOC398805,Verification Team
75,74,Driver License,DOC114297,SystemAuto
76,75,National ID,DOC549528,SystemAuto
77,76,National ID,DOC916349,John Smith
78,77,Utility Bill,DOC959571,Alice Brown
79,78,Driver License,DOC852791,SystemAuto
80,79,Utility Bill,DOC394063,Alice Brown
81,80,Utility Bill,DOC370732,Verification Team
82,81,Driver License,DOC663998,John Smith
83,82,Passport,DOC652877,KYC Bot
84,83,Driver License,DOC681498,KYC Bot
85,84,Passport,DOC433373,John Smith
86,85,Utility Bill,DOC458889,KYC Bot
87,86,Driver License,DOC299217,KYC Bot
88,87,National ID,DOC839846,John Smith
89,88,National ID,DOC920605,John Smith
90,89,Passport,DOC552666,KYC Bot
91,90,Driver License,DOC929962,SystemAuto
92,91,Passport,DOC248590,Alice Brown
93,92,National ID,DOC985775,Verification Team
94,93,Driver License,DOC106215,John Smith
95,94,National ID,DOC886487,Alice Brown
96,95,Driver License,DOC636180,John Smith
97,96,Utility Bill,DOC262878,Verification Team
98,97,Passport,DOC922764,Verification Team
99,98,Passport,DOC793242,Verification Team
100,99,National ID,DOC835461,Verification Team
101,100,National ID,DOC919491,KYC Bot
102,101,Passport,DOC690647,John Smith
103,102,Passport,DOC502804,Verification Team
104,103,Passport,DOC478474,KYC Bot
105,104,Passport,DOC586676,Verification Team
106,105,National ID,DOC138135,John Smith
107,106,Passport,DOC688878,Verification Team
108,107,Utility Bill,DOC531632,KYC Bot
109,108,Passport,DOC767591,SystemAuto
110,109,Driver License,DOC743965,John Smith
111,110,Passport,DOC937263,KYC Bot
112,111,Passport,DOC943186,Verification Team
113,112,Passport,DOC897165,Alice Brown
114,113,National ID,DOC339392,Verification Team
115,114,National ID,DOC116454,John Smith
116,115,Passport,DOC479817,SystemAuto
117,116,Utility Bill,DOC654796,SystemAuto
118,117,National ID,DOC266216,SystemAuto
119,118,Passport,DOC813302,John Smith
120,119,Passport,DOC303957,John Smith
121,120,Utility Bill,DOC761554,KYC Bot
122,121,Passport,DOC471692,Verification Team
123,122,Driver License,DOC758311,John Smith
124,123,Passport,DOC834096,SystemAuto
125,124,National ID,DOC621131,Verification Team
126,125,Passport,DOC120071,KYC Bot
127,126,Driver License,DOC866424,Alice Brown
128,127,Driver License,DOC870974,Alice Brown
129,128,Utility Bill,DOC361299,KYC Bot
130,129,National ID,DOC699322,John Smith
131,130,Passport,DOC353838,John Smith
132,131,Utility Bill,DOC387805,Alice Brown
133,132,Passport,DOC294135,Verification Team
134,133,Passport,DOC894898,Alice Brown
135,134,Utility Bill,DOC540383,KYC Bot
136,135,National ID,DOC181709,KYC Bot
137,136,Driver License,DOC700981,KYC Bot
138,137,Driver License,DOC569950,Alice Brown
139,138,Utility Bill,DOC348233,KYC Bot
140,139,National ID,DOC880178,SystemAuto
141,140,National ID,DOC848490,John Smith
142,141,Passport,DOC571496,John Smith
143,142,National ID,DOC633619,SystemAuto
144,143,National ID,DOC946016,John Smith
145,144,Driver License,DOC949673,KYC Bot
146,145,Driver License,DOC839237,KYC Bot
147,146,Passport,DOC205299,Verification Team
148,147,Utility Bill,DOC297425,John Smith
149,148,National ID,DOC272476,Alice Brown
150,149,Passport,DOC561893,SystemAuto
151,150,Utility Bill,DOC168398,SystemAuto
152,151,Utility Bill,DOC547476,KYC Bot
153,152,Driver License,DOC765582,John Smith
154,153,Driver License,DOC513917,SystemAuto
155,154,Utility Bill,DOC385058,KYC Bot
156,155,Driver License,DOC364960,Verification Team
157,156,National ID,DOC558454,Verification Team
158,157,Passport,DOC894537,KYC Bot
159,158,Utility Bill,DOC911051,Verification Team
160,159,Passport,DOC473464,John Smith
161,160,Driver License,DOC739305,SystemAuto
162,161,Passport,DOC443683,John Smith
163,162,Driver License,DOC195031,Verification Team
164,163,National ID,DOC421932,KYC Bot
165,164,National ID,DOC131598,Alice Brown
166,165,Utility Bill,DOC616442,KYC Bot
167,166,Driver License,DOC111502,Verification Team
168,167,Driver License,DOC899567,Verification Team
169,168,Driver License,DOC362729,SystemAuto
170,169,National ID,DOC312638,SystemAuto
171,170,Driver License,DOC899384,Verification Team
172,171,Utility Bill,DOC517226,KYC Bot
173,172,Utility Bill,DOC505405,SystemAuto
174,173,Passport,DOC556772,John Smith
175,174,Passport,DOC913114,KYC Bot
176,175,National ID,DOC766237,Verification Team
177,176,Driver License,DOC756033,Alice Brown
178,177,National ID,DOC805771,Alice Brown
179,178,National ID,DOC508170,SystemAuto
180,179,National ID,DOC830961,SystemAuto
181,180,Utility Bill,DOC962504,John Smith
182,181,Utility Bill,DOC140283,Verification Team
183,182,Utility Bill,DOC710993,SystemAuto
184,183,Passport,DOC587916,Verification Team
185,184,Utility Bill,DOC471807,Verification Team
186,185,Utility Bill,DOC970163,Alice Brown
187,186,Passport,DOC696418,John Smith
188,187,National ID,DOC232973,KYC Bot
189,188,Utility Bill,DOC691832,Alice Brown
190,189,Passport,DOC845000,SystemAuto
191,190,Driver License,DOC391870,Verification Team
192,191,National ID,DOC444054,KYC Bot
193,192,Utility Bill,DOC961934,Alice Brown
194,193,Utility Bill,DOC125481,John Smith
195,194,Passport,DOC517430,KYC Bot
196,195,Passport,DOC596736,KYC Bot
197,196,Utility Bill,DOC647034,Verification Team
198,197,Driver License,DOC241914,Alice Brown
199,198,Driver License,DOC143606,John Smith
200,199,Utility Bill,DOC185440,Verification Team
201,200,Passport,DOC693409,Alice Brown
202,201,Utility Bill,DOC464310,SystemAuto
203,202,National ID,DOC478558,SystemAuto
204,203,Passport,DOC104711,John Smith
205,204,National ID,DOC172743,Alice Brown
206,205,Passport,DOC300040,Verification Team
207,206,Utility Bill,DOC852130,Verification Team
208,207,Utility Bill,DOC216193,KYC Bot
209,208,Driver License,DOC804010,SystemAuto
210,209,Passport,DOC666883,Verification Team
211,210,National ID,DOC593986,KYC Bot
212,211,Passport,DOC145214,KYC Bot
213,212,Passport,DOC429810,Alice Brown
214,213,Passport,DOC982235,KYC Bot
215,214,National ID,DOC986111,SystemAuto
216,215,Passport,DOC126622,SystemAuto
217,216,National ID,DOC430092,KYC Bot
218,217,Driver License,DOC511721,Verification Team
219,218,Driver License,DOC231355,John Smith
220,219,National ID,DOC901879,John Smith
221,220,Passport,DOC766445,SystemAuto
222,221,Utility Bill,DOC388445,SystemAuto
223,222,Utility Bill,DOC526158,KYC Bot
224,223,Passport,DOC803478,John Smith
225,224,Passport,DOC249036,SystemAuto
226,225,Driver License,DOC724598,Alice Brown
227,226,Utility Bill,DOC254653,Alice Brown
228,227,Passport,DOC523837,KYC Bot
229,228,Driver License,DOC420966,SystemAuto
230,229,National ID,DOC636338,Alice Brown
231,230,Driver License,DOC162755,Alice Brown
232,231,Passport,DOC270825,Alice Brown
233,232,National ID,DOC231473,Verification Team
234,233,Driver License,DOC240463,John Smith
235,234,Passport,DOC604252,Verification Team
236,235,Passport,DOC839574,Verification Team
237,236,Passport,DOC773073,SystemAuto
238,237,National ID,DOC851067,Alice Brown
239,238,Driver License,DOC901183,Verification Team
240,239,Driver License,DOC858722,Verification Team
241,240,Driver License,DOC148982,SystemAuto
242,241,Passport,DOC865260,John Smith
243,242,Utility Bill,DOC963774,KYC Bot
244,243,Utility Bill,DOC644848,SystemAuto
245,244,Utility Bill,DOC145582,Alice Brown
246,245,Driver License,DOC963495,Alice Brown
247,246,National ID,DOC681903,John Smith
248,247,National ID,DOC824763,Alice Brown
249,248,Utility Bill,DOC880295,SystemAuto
250,249,Driver License,DOC831189,Verification Team
251,250,Passport,DOC761883,Verification Team
252,251,National ID,DOC506076,KYC Bot
253,252,National ID,DOC288975,SystemAuto
254,253,Driver License,DOC461442,Alice Brown
255,254,Driver License,DOC939014,Verification Team
256,255,Driver License,DOC714343,SystemAuto
257,256,Driver License,DOC952491,Verification Team
258,257,Passport,DOC186821,SystemAuto
259,258,Driver License,DOC184650,Verification Team
260,259,Passport,DOC686989,John Smith
261,260,Passport,DOC282898,KYC Bot
262,261,Driver License,DOC952805,SystemAuto
263,262,National ID,DOC378484,Verification Team
264,263,National ID,DOC311397,John Smith
265,264,Driver License,DOC939071,Alice Brown
266,265,Driver License,DOC373641,SystemAuto
267,266,Utility Bill,DOC443868,Verification Team
268,267,National ID,DOC834428,John Smith
269,268,Driver License,DOC843097,John Smith
270,269,Passport,DOC366214,John Smith
271,270,Utility Bill,DOC920331,KYC Bot
272,271,National ID,DOC371838,John Smith
273,272,Passport,DOC642570,Verification Team
274,273,Driver License,DOC578652,KYC Bot
275,274,National ID,DOC262737,Alice Brown
276,275,Passport,DOC893428,John Smith
277,276,Driver License,DOC570627,Alice Brown
278,277,Utility Bill,DOC679575,Alice Brown
279,278,Driver License,DOC260242,Verification Team
280,279,Driver License,DOC140476,John Smith
281,280,Utility Bill,DOC763270,John Smith
282,281,Passport,DOC713944,KYC Bot
283,282,Passport,DOC285562,Alice Brown
284,283,Utility Bill,DOC772713,John Smith
285,284,Utility Bill,DOC637104,Alice Brown
286,285,Driver License,DOC135437,Verification Team
287,286,Driver License,DOC894497,SystemAuto
288,287,Passport,DOC431434,SystemAuto
289,288,Utility Bill,DOC957525,Alice Brown
290,289,Passport,DOC175123,Alice Brown
291,290,Utility Bill,DOC302256,Alice Brown
292,291,Utility Bill,DOC779896,SystemAuto
293,292,Passport,DOC929443,SystemAuto
294,293,Driver License,DOC578724,Verification Team
295,294,Driver License,DOC740567,SystemAuto
296,295,National ID,DOC350317,Alice Brown
297,296,National ID,DOC951724,SystemAuto
298,297,Utility Bill,DOC580950,John Smith
299,298,Passport,DOC647632,Alice Brown
300,299,Passport,DOC267132,John Smith
301,300,Passport,DOC843996,Verification Team
302,301,National ID,DOC449874,Verification Team
303,302,National ID,DOC787034,Alice Brown
304,303,Passport,DOC241428,KYC Bot
305,304,Utility Bill,DOC599631,SystemAuto
306,305,Passport,DOC908998,KYC Bot
307,306,Passport,DOC682924,Verification Team
308,307,Utility Bill,DOC159941,Verification Team
309,308,Driver License,DOC669841,KYC Bot
310,309,Utility Bill,DOC186420,SystemAuto
311,310,Utility Bill,DOC960455,SystemAuto
312,311,National ID,DOC642817,Verification Team
313,312,Utility Bill,DOC460062,KYC Bot
314,313,Passport,DOC102580,Alice Brown
315,314,Driver License,DOC952452,John Smith
316,315,National ID,DOC912504,Alice Brown
317,316,Driver License,DOC183872,John Smith
318,317,National ID,DOC209032,KYC Bot
319,318,Utility Bill,DOC548510,Alice Brown
320,319,National ID,DOC737052,SystemAuto
321,320,Driver License,DOC469434,SystemAuto
322,321,Passport,DOC697975,SystemAuto
323,322,Passport,DOC573516,Alice Brown
324,323,Passport,DOC452119,SystemAuto
325,324,Utility Bill,DOC973998,Alice Brown
326,325,National ID,DOC496430,Alice Brown
327,326,Passport,DOC637289,Verification Team
328,327,Utility Bill,DOC479642,Alice Brown
329,328,Utility Bill,DOC982180,SystemAuto
330,329,Driver License,DOC767490,John Smith
331,330,National ID,DOC224619,Verification Team
332,331,Passport,DOC242720,John Smith
333,332,National ID,DOC432284,Alice Brown
334,333,National ID,DOC123829,Verification Team
335,334,Passport,DOC291469,SystemAuto
336,335,National ID,DOC869396,KYC Bot
337,336,Utility Bill,DOC231176,KYC Bot
338,337,Utility Bill,DOC120133,Alice Brown
339,338,Driver License,DOC454302,Verification Team
340,339,National ID,DOC736986,John Smith
341,340,Passport,DOC302734,Alice Brown
342,341,Utility Bill,DOC146283,Alice Brown
343,342,National ID,DOC533938,Verification Team
344,343,Utility Bill,DOC776743,KYC Bot
345,344,Utility Bill,DOC165052,KYC Bot
346,345,Utility Bill,DOC832788,SystemAuto
347,346,Driver License,DOC426374,KYC Bot
348,347,Utility Bill,DOC935470,Alice Brown
349,348,Utility Bill,DOC508436,John Smith
350,349,National ID,DOC154768,Verification Team
351,350,National ID,DOC729616,SystemAuto
352,351,Passport,DOC904835,John Smith
353,352,Driver License,DOC933039,KYC Bot
354,353,Driver License,DOC845904,KYC Bot
355,354,Driver License,DOC276329,SystemAuto
356,355,Passport,DOC475268,John Smith
357,356,National ID,DOC975762,SystemAuto
358,357,Driver License,DOC181182,Alice Brown
359,358,National ID,DOC528056,SystemAuto
360,359,Utility Bill,DOC156629,John Smith
361,360,Driver License,DOC562114,John Smith
362,361,Utility Bill,DOC472223,KYC Bot
363,362,Passport,DOC733488,SystemAuto
364,363,Passport,DOC750258,Alice Brown
365,364,Passport,DOC893213,Verification Team
366,365,Passport,DOC368255,KYC Bot
367,366,National ID,DOC804976,SystemAuto
368,367,National ID,DOC424788,Verification Team
369,368,Passport,DOC690071,John Smith
370,369,Driver License,DOC990337,KYC Bot
371,370,Passport,DOC942809,Alice Brown
372,371,Utility Bill,DOC575673,Alice Brown
373,372,Driver License,DOC532251,KYC Bot
374,373,National ID,DOC289442,KYC Bot
375,374,National ID,DOC132179,KYC Bot
376,375,Utility Bill,DOC575769,SystemAuto
377,376,Driver License,DOC941381,John Smith
378,377,Utility Bill,DOC376980,Verification Team
379,378,Passport,DOC299746,Alice Brown
380,379,Passport,DOC506489,John Smith
381,380,Passport,DOC167206,John Smith
382,381,Utility Bill,DOC474980,John Smith
383,382,National ID,DOC200983,John Smith
384,383,Driver License,DOC229358,Alice Brown
385,384,Utility Bill,DOC127458,John Smith
386,385,Utility Bill,DOC467824,John Smith
387,386,Utility Bill,DOC122373,Verification Team
388,387,National ID,DOC285689,Alice Brown
389,388,Passport,DOC523376,Verification Team
390,389,Passport,DOC745937,SystemAuto
391,390,National ID,DOC824117,John Smith
392,391,Driver License,DOC785175,John Smith
393,392,Driver License,DOC114309,KYC Bot
394,393,Driver License,DOC438483,John Smith
395,394,Passport,DOC578649,John Smith
396,395,Utility Bill,DOC929167,Verification Team
397,396,Driver License,DOC680966,John Smith
398,397,Driver License,DOC882249,Verification Team
399,398,Utility Bill,DOC828600,John Smith
400,399,Utility Bill,DOC620126,John Smith
401,400,Utility Bill,DOC599680,Verification Team
402,401,Passport,DOC184358,Alice Brown
403,402,National ID,DOC999653,SystemAuto
404,403,National ID,DOC154236,KYC Bot
405,404,National ID,DOC661631,John Smith
406,405,Driver License,DOC521457,SystemAuto
407,406,Driver License,DOC929139,KYC Bot
408,407,Passport,DOC921783,John Smith
409,408,Passport,DOC374981,KYC Bot
410,409,Utility Bill,DOC129146,Verification Team
411,410,Utility Bill,DOC779474,KYC Bot
412,411,National ID,DOC640923,John Smith
413,412,Utility Bill,DOC200367,KYC Bot
414,413,Passport,DOC977238,Verification Team
415,414,National ID,DOC966724,Verification Team
416,415,Driver License,DOC183983,KYC Bot
417,416,Utility Bill,DOC449818,SystemAuto
418,417,Passport,DOC475966,John Smith
419,418,Utility Bill,DOC203269,SystemAuto
420,419,Utility Bill,DOC594280,Verification Team
421,420,Utility Bill,DOC134673,SystemAuto
422,421,Passport,DOC261765,SystemAuto
423,422,Passport,DOC641691,SystemAuto
424,423,Utility Bill,DOC755917,John Smith
425,424,National ID,DOC943834,KYC Bot
426,425,Passport,DOC401026,KYC Bot
427,426,Passport,DOC138591,Alice Brown
428,427,National ID,DOC100761,KYC Bot
429,428,Driver License,DOC494984,Alice Brown
430,429,Passport,DOC454094,KYC Bot
431,430,Driver License,DOC264480,Alice Brown
432,431,National ID,DOC674913,SystemAuto
433,432,Utility Bill,DOC829784,John Smith
434,433,Utility Bill,DOC254018,Verification Team
435,434,Passport,DOC268357,John Smith
436,435,Passport,DOC283096,John Smith
437,436,Utility Bill,DOC917182,SystemAuto
438,437,Driver License,DOC266697,SystemAuto
439,438,Passport,DOC771214,Verification Team
440,439,Driver License,DOC812860,SystemAuto
441,440,National ID,DOC354365,KYC Bot
442,441,Utility Bill,DOC755062,John Smith
443,442,Driver License,DOC444216,KYC Bot
444,443,Passport,DOC125006,John Smith
445,444,National ID,DOC606374,Verification Team
446,445,Passport,DOC756238,Verification Team
447,446,Utility Bill,DOC811399,Alice Brown
448,447,Utility Bill,DOC517442,SystemAuto
449,448,Driver License,DOC146314,Verification Team
450,449,National ID,DOC337424,John Smith
451,450,Utility Bill,DOC351962,Alice Brown
452,451,Driver License,DOC766550,Alice Brown
453,452,Passport,DOC395254,Alice Brown
454,453,Passport,DOC444529,Alice Brown
455,454,Passport,DOC278275,Verification Team
456,455,Utility Bill,DOC349757,Alice Brown
457,456,Driver License,DOC469184,John Smith
458,457,Passport,DOC337020,SystemAuto
459,458,National ID,DOC271569,KYC Bot
460,459,National ID,DOC541186,John Smith
461,460,Passport,DOC585384,Verification Team
462,461,Utility Bill,DOC480933,KYC Bot
463,462,Driver License,DOC692844,Alice Brown
464,463,Passport,DOC244701,KYC Bot
465,464,National ID,DOC505285,Alice Brown
466,465,Utility Bill,DOC692359,KYC Bot
467,466,Utility Bill,DOC908199,John Smith
468,467,Passport,DOC114121,KYC Bot
469,468,Passport,DOC270017,Alice Brown
470,469,Utility Bill,DOC712002,Alice Brown
471,470,Passport,DOC105910,Alice Brown
472,471,Passport,DOC820308,Verification Team
473,472,Utility Bill,DOC508847,KYC Bot
474,473,National ID,DOC853367,KYC Bot
475,474,Passport,DOC940523,Verification Team
476,475,Utility Bill,DOC280315,KYC Bot
477,476,Utility Bill,DOC256110,Verification Team
478,477,Utility Bill,DOC120457,Alice Brown
479,478,Passport,DOC126388,Verification Team
480,479,Utility Bill,DOC964116,John Smith
481,480,Driver License,DOC439029,John Smith
482,481,Driver License,DOC634865,KYC Bot
483,482,Passport,DOC103876,John Smith
484,483,Driver License,DOC140036,Alice Brown
485,484,Passport,DOC149498,Verification Team
486,485,Passport,DOC914868,John Smith
487,486,Driver License,DOC217338,Verification Team
488,487,Passport,DOC700835,John Smith
489,488,Driver License,DOC741177,Verification Team
490,489,Driver License,DOC254869,Verification Team
491,490,National ID,DOC916133,Verification Team
492,491,Passport,DOC260591,Verification Team
493,492,National ID,DOC806311,KYC Bot
494,493,Driver License,DOC925071,Alice Brown
495,494,Passport,DOC498327,Alice Brown
496,495,National ID,DOC925966,KYC Bot
497,496,National ID,DOC127726,Alice Brown
498,497,Passport,DOC539077,KYC Bot
499,498,National ID,DOC557455,Verification Team
500,499,Passport,DOC695637,SystemAuto
501,500,Passport,DOC819775,John Smith
502,501,Driver License,DOC449095,Alice Brown
503,502,Driver License,DOC845752,KYC Bot
504,503,Passport,DOC360003,SystemAuto
505,504,National ID,DOC244526,SystemAuto
506,505,National ID,DOC481709,John Smith
507,506,National ID,DOC635038,Verification Team
508,507,Utility Bill,DOC327187,SystemAuto
509,508,Passport,DOC659256,Alice Brown
510,509,Utility Bill,DOC519836,SystemAuto
511,510,Driver License,DOC176596,John Smith
512,511,Driver License,DOC236102,John Smith
513,512,National ID,DOC527565,Verification Team
514,513,Passport,DOC693608,John Smith
515,514,National ID,DOC790677,Alice Brown
516,515,Driver License,DOC467623,Verification Team
517,516,Driver License,DOC201247,Alice Brown
518,517,Utility Bill,DOC552503,SystemAuto
519,518,Driver License,DOC557216,SystemAuto
520,519,Driver License,DOC357577,SystemAuto
521,520,Driver License,DOC594019,Verification Team
522,521,National ID,DOC500303,John Smith
523,522,Passport,DOC335964,Alice Brown
524,523,Passport,DOC514017,John Smith
525,524,Driver License,DOC351715,KYC Bot
526,525,National ID,DOC776609,KYC Bot
527,526,Utility Bill,DOC604556,Alice Brown
528,527,National ID,DOC516346,Alice Brown
529,528,National ID,DOC709616,SystemAuto
530,529,National ID,DOC172370,Verification Team
531,530,Driver License,DOC976171,KYC Bot
532,531,National ID,DOC364627,SystemAuto
533,532,National ID,DOC389276,SystemAuto
534,533,National ID,DOC652165,John Smith
535,534,Driver License,DOC489857,SystemAuto
536,535,Driver License,DOC668684,Verification Team
537,536,Utility Bill,DOC122782,Verification Team
538,537,Passport,DOC733374,Alice Brown
539,538,National ID,DOC741313,Alice Brown
540,539,Passport,DOC917464,John Smith
541,540,Utility Bill,DOC597602,KYC Bot
542,541,Passport,DOC348530,John Smith
543,542,Passport,DOC389702,Alice Brown
544,543,National ID,DOC142261,John Smith
545,544,Utility Bill,DOC740644,John Smith
546,545,Driver License,DOC437190,KYC Bot
547,546,Utility Bill,DOC936838,John Smith
548,547,National ID,DOC509757,Verification Team
549,548,Utility Bill,DOC756515,Verification Team
550,549,Driver License,DOC211841,Verification Team
551,550,Driver License,DOC660434,KYC Bot
552,551,Passport,DOC993976,Verification Team
553,552,National ID,DOC151084,John Smith
554,553,Utility Bill,DOC251212,SystemAuto
555,554,Driver License,DOC848133,SystemAuto
556,555,Passport,DOC511492,KYC Bot
557,556,Utility Bill,DOC128097,Verification Team
558,557,Utility Bill,DOC905038,SystemAuto
559,558,Passport,DOC541502,John Smith
560,559,Utility Bill,DOC866511,Verification Team
561,560,Driver License,DOC512203,SystemAuto
562,561,Utility Bill,DOC553987,KYC Bot
563,562,National ID,DOC209910,Alice Brown
564,563,Driver License,DOC847839,Alice Brown
565,564,Driver License,DOC583064,Verification Team
566,565,Utility Bill,DOC733533,John Smith
567,566,Passport,DOC584429,SystemAuto
568,567,National ID,DOC269218,Alice Brown
569,568,Passport,DOC277847,John Smith
570,569,Driver License,DOC457035,Alice Brown
571,570,Passport,DOC597401,Alice Brown
572,571,National ID,DOC531065,KYC Bot
573,572,Utility Bill,DOC266733,KYC Bot
574,573,Utility Bill,DOC718874,Verification Team
575,574,National ID,DOC397491,Alice Brown
576,575,Utility Bill,DOC898837,Alice Brown
577,576,Utility Bill,DOC628023,SystemAuto
578,577,National ID,DOC217981,KYC Bot
579,578,National ID,DOC486172,John Smith
580,579,Utility Bill,DOC462199,SystemAuto
581,580,Driver License,DOC249624,Verification Team
582,581,National ID,DOC759139,Alice Brown
583,582,Driver License,DOC474993,Verification Team
584,583,Utility Bill,DOC903347,KYC Bot
585,584,Passport,DOC595639,Verification Team
586,585,Utility Bill,DOC760885,KYC Bot
587,586,National ID,DOC643914,KYC Bot
588,587,Driver License,DOC890029,John Smith
589,588,Passport,DOC156523,Verification Team
590,589,Utility Bill,DOC305198,KYC Bot
591,590,Utility Bill,DOC370147,John Smith
592,591,Passport,DOC285490,SystemAuto
593,592,National ID,DOC858599,Verification Team
594,593,Driver License,DOC712034,SystemAuto
595,594,Passport,DOC440442,John Smith
596,595,Driver License,DOC410423,KYC Bot
597,596,National ID,DOC498577,Alice Brown
598,597,Utility Bill,DOC765240,SystemAuto
599,598,Utility Bill,DOC143476,KYC Bot
600,599,Passport,DOC405251,Alice Brown
601,600,Utility Bill,DOC678221,Alice Brown
602,601,National ID,DOC552159,SystemAuto
603,602,Utility Bill,DOC136596,Alice Brown
604,603,Driver License,DOC815362,Verification Team
605,604,Passport,DOC530489,Verification Team
606,605,Passport,DOC382139,SystemAuto
607,606,Driver License,DOC493386,SystemAuto
608,607,Passport,DOC863233,SystemAuto
609,608,Passport,DOC318287,Verification Team
610,609,Driver License,DOC463727,SystemAuto
611,610,Utility Bill,DOC240679,John Smith
612,611,Utility Bill,DOC238575,SystemAuto
613,612,Utility Bill,DOC215656,KYC Bot
614,613,Passport,DOC742912,KYC Bot
615,614,Driver License,DOC474303,KYC Bot
616,615,Driver License,DOC273809,SystemAuto
617,616,Driver License,DOC132742,Alice Brown
618,617,National ID,DOC551493,John Smith
619,618,Passport,DOC704709,SystemAuto
620,619,Passport,DOC517749,KYC Bot
621,620,Passport,DOC586035,Verification Team
622,621,Driver License,DOC179868,John Smith
623,622,Driver License,DOC773075,SystemAuto
624,623,Driver License,DOC845296,John Smith
625,624,Passport,DOC841380,KYC Bot
626,625,National ID,DOC813895,SystemAuto
627,626,National ID,DOC181605,SystemAuto
628,627,Passport,DOC915577,Verification Team
629,628,Utility Bill,DOC546093,KYC Bot
630,629,Driver License,DOC671382,John Smith
631,630,Driver License,DOC861486,Verification Team
632,631,National ID,DOC680823,Alice Brown
633,632,National ID,DOC245018,KYC Bot
634,633,Passport,DOC277453,KYC Bot
635,634,Utility Bill,DOC260398,Verification Team
636,635,Utility Bill,DOC317541,SystemAuto
637,636,Driver License,DOC272460,KYC Bot
638,637,Driver License,DOC339336,Verification Team
639,638,Utility Bill,DOC131166,John Smith
640,639,Driver License,DOC650820,Verification Team
641,640,National ID,DOC242140,John Smith
642,641,National ID,DOC958765,John Smith
643,642,Passport,DOC616992,Verification Team
644,643,Passport,DOC474314,John Smith
645,644,Utility Bill,DOC753630,SystemAuto
646,645,Utility Bill,DOC871624,Verification Team
647,646,Utility Bill,DOC402031,KYC Bot
648,647,National ID,DOC851249,Alice Brown
649,648,Driver License,DOC931756,Alice Brown
650,649,Driver License,DOC451453,Alice Brown
651,650,Utility Bill,DOC817427,John Smith
652,651,Utility Bill,DOC224232,KYC Bot
653,652,National ID,DOC941546,SystemAuto
654,653,Utility Bill,DOC996124,SystemAuto
655,654,Utility Bill,DOC978802,Verification Team
656,655,Driver License,DOC528729,SystemAuto
657,656,Utility Bill,DOC910990,SystemAuto
658,657,Passport,DOC374484,Alice Brown
659,658,Utility Bill,DOC266010,John Smith
660,659,Driver License,DOC459109,John Smith
661,660,National ID,DOC758480,Verification Team
662,661,Utility Bill,DOC625925,John Smith
663,662,Passport,DOC447906,SystemAuto
664,663,National ID,DOC659028,Alice Brown
665,664,Passport,DOC828925,SystemAuto
666,665,Driver License,DOC251603,Alice Brown
667,666,Utility Bill,DOC494410,John Smith
668,667,Utility Bill,DOC875735,Alice Brown
669,668,Passport,DOC879908,Verification Team
670,669,Passport,DOC682461,SystemAuto
671,670,Passport,DOC420069,SystemAuto
672,671,Utility Bill,DOC345929,Alice Brown
673,672,Passport,DOC496955,John Smith
674,673,Driver License,DOC463359,Alice Brown
675,674,Passport,DOC509222,KYC Bot
676,675,Passport,DOC594165,Alice Brown
677,676,Passport,DOC636395,KYC Bot
678,677,Driver License,DOC421030,KYC Bot
679,678,Driver License,DOC530022,Verification Team
680,679,National ID,DOC526034,Verification Team
681,680,National ID,DOC952431,SystemAuto
682,681,Driver License,DOC202459,SystemAuto
683,682,National ID,DOC816635,Alice Brown
684,683,Passport,DOC261495,KYC Bot
685,684,Utility Bill,DOC254818,KYC Bot
686,685,Utility Bill,DOC105156,KYC Bot
687,686,Driver License,DOC711835,Verification Team
688,687,Utility Bill,DOC724396,KYC Bot
689,688,National ID,DOC764851,Verification Team
690,689,Driver License,DOC838679,KYC Bot
691,690,Utility Bill,DOC642239,Verification Team
692,691,Utility Bill,DOC212002,SystemAuto
693,692,National ID,DOC830696,John Smith
694,693,Utility Bill,DOC917136,John Smith
695,694,National ID,DOC778801,KYC Bot
696,695,Driver License,DOC831980,Verification Team
697,696,National ID,DOC314874,Alice Brown
698,697,National ID,DOC724726,John Smith
699,698,National ID,DOC775597,SystemAuto
700,699,Utility Bill,DOC732429,John Smith
701,700,Driver License,DOC638393,John Smith
702,701,Utility Bill,DOC216585,SystemAuto
703,702,Utility Bill,DOC379633,KYC Bot
704,703,Utility Bill,DOC821989,Verification Team
705,704,Utility Bill,DOC867473,SystemAuto
706,705,National ID,DOC744145,SystemAuto
707,706,National ID,DOC276828,Verification Team
708,707,Utility Bill,DOC494112,Alice Brown
709,708,National ID,DOC189524,Verification Team
710,709,Passport,DOC931885,Alice Brown
711,710,Utility Bill,DOC137770,Alice Brown
712,711,Passport,DOC110995,KYC Bot
713,712,National ID,DOC221004,KYC Bot
714,713,Passport,DOC479759,Verification Team
715,714,National ID,DOC957068,Alice Brown
716,715,Driver License,DOC857557,Verification Team
717,716,Passport,DOC604055,KYC Bot
718,717,National ID,DOC433818,Verification Team
719,718,National ID,DOC213392,Alice Brown
720,719,Driver License,DOC808810,John Smith
721,720,Passport,DOC574615,Verification Team
722,721,Driver License,DOC487023,SystemAuto
723,722,Driver License,DOC712633,KYC Bot
724,723,Utility Bill,DOC830522,Alice Brown
725,724,Utility Bill,DOC366216,Alice Brown
726,725,Passport,DOC798920,Verification Team
727,726,Utility Bill,DOC610165,SystemAuto
728,727,Utility Bill,DOC951535,John Smith
729,728,Utility Bill,DOC913410,Verification Team
730,729,Driver License,DOC339825,SystemAuto
731,730,Utility Bill,DOC266772,KYC Bot
732,731,National ID,DOC688927,SystemAuto
733,732,Driver License,DOC678426,Alice Brown
734,733,Driver License,DOC967425,KYC Bot
735,734,Passport,DOC181718,Verification Team
736,735,Passport,DOC918434,John Smith
737,736,Passport,DOC997966,Verification Team
738,737,National ID,DOC632668,SystemAuto
739,738,Driver License,DOC276162,Verification Team
740,739,Passport,DOC127033,Verification Team
741,740,Driver License,DOC967683,SystemAuto
742,741,Passport,DOC774456,SystemAuto
743,742,National ID,DOC990834,Verification Team
744,743,Passport,DOC274918,Alice Brown
745,744,Utility Bill,DOC642260,SystemAuto
746,745,National ID,DOC528764,Alice Brown
747,746,Utility Bill,DOC737800,John Smith
748,747,National ID,DOC792740,Alice Brown
749,748,Utility Bill,DOC318191,Alice Brown
750,749,National ID,DOC559470,KYC Bot
751,750,Driver License,DOC842529,KYC Bot
752,751,Passport,DOC816878,KYC Bot
753,752,Passport,DOC524691,SystemAuto
754,753,Driver License,DOC376957,John Smith
755,754,Driver License,DOC122197,KYC Bot
756,755,Utility Bill,DOC715973,Alice Brown
757,756,Driver License,DOC240789,John Smith
758,757,Driver License,DOC507076,SystemAuto
759,758,Passport,DOC279657,KYC Bot
760,759,Passport,DOC562382,Verification Team
761,760,National ID,DOC692384,John Smith
762,761,Driver License,DOC156259,KYC Bot
763,762,Passport,DOC493266,Alice Brown
764,763,National ID,DOC941318,Verification Team
765,764,Driver License,DOC191011,KYC Bot
766,765,National ID,DOC775342,John Smith
767,766,National ID,DOC716788,SystemAuto
768,767,Driver License,DOC524870,KYC Bot
769,768,Driver License,DOC450778,Verification Team
770,769,Driver License,DOC344418,Verification Team
771,770,Utility Bill,DOC631413,John Smith
772,771,Driver License,DOC577652,Verification Team
773,772,Utility Bill,DOC141005,KYC Bot
774,773,Driver License,DOC603256,Alice Brown
775,774,National ID,DOC750120,Verification Team
776,775,Passport,DOC206751,Alice Brown
777,776,Driver License,DOC381743,KYC Bot
778,777,Passport,DOC973631,Verification Team
779,778,Passport,DOC632152,John Smith
780,779,Utility Bill,DOC614095,Verification Team
781,780,Utility Bill,DOC677547,KYC Bot
782,781,Utility Bill,DOC776318,KYC Bot
783,782,Passport,DOC513234,John Smith
784,783,Utility Bill,DOC595639,Alice Brown
785,784,Utility Bill,DOC378194,KYC Bot
786,785,Utility Bill,DOC289811,Alice Brown
787,786,Utility Bill,DOC340931,John Smith
788,787,Passport,DOC667280,John Smith
789,788,Passport,DOC482019,Alice Brown
790,789,Passport,DOC267289,John Smith
791,790,National ID,DOC417145,Verification Team
792,791,Passport,DOC993574,Verification Team
793,792,National ID,DOC738434,Alice Brown
794,793,Utility Bill,DOC972000,KYC Bot
795,794,National ID,DOC250616,John Smith
796,795,Utility Bill,DOC579116,Verification Team
797,796,Passport,DOC172188,Alice Brown
798,797,Utility Bill,DOC171818,Verification Team
799,798,Utility Bill,DOC601336,John Smith
800,799,Passport,DOC512346,Alice Brown
801,800,National ID,DOC693620,John Smith
802,801,National ID,DOC529897,John Smith
803,802,Utility Bill,DOC683155,Alice Brown
804,803,National ID,DOC196722,Verification Team
805,804,National ID,DOC378424,John Smith
806,805,Driver License,DOC605719,Verification Team
807,806,Driver License,DOC340804,Verification Team
808,807,Driver License,DOC954035,SystemAuto
809,808,Utility Bill,DOC216258,KYC Bot
810,809,Passport,DOC411105,KYC Bot
811,810,Driver License,DOC247923,John Smith
812,811,National ID,DOC476924,John Smith
813,812,Driver License,DOC951300,Verification Team
814,813,Utility Bill,DOC198722,Alice Brown
815,814,Utility Bill,DOC245367,Verification Team
816,815,Driver License,DOC790421,John Smith
817,816,Driver License,DOC159463,SystemAuto
818,817,National ID,DOC962976,Verification Team
819,818,Passport,DOC797875,KYC Bot
820,819,Passport,DOC243454,John Smith
821,820,Passport,DOC714984,Alice Brown
822,821,National ID,DOC685865,KYC Bot
823,822,Utility Bill,DOC308145,Alice Brown
824,823,National ID,DOC107397,Verification Team
825,824,National ID,DOC134669,John Smith
826,825,Driver License,DOC523995,Alice Brown
827,826,Passport,DOC685395,KYC Bot
828,827,Utility Bill,DOC833780,Alice Brown
829,828,Passport,DOC892031,SystemAuto
830,829,Passport,DOC730952,SystemAuto
831,830,Utility Bill,DOC614164,John Smith
832,831,Driver License,DOC848806,John Smith
833,832,Passport,DOC823959,Verification Team
834,833,Driver License,DOC212244,John Smith
835,834,National ID,DOC595936,Verification Team
836,835,Driver License,DOC686726,KYC Bot
837,836,National ID,DOC464150,SystemAuto
838,837,National ID,DOC917914,Alice Brown
839,838,Passport,DOC459709,Verification Team
840,839,Driver License,DOC202270,Alice Brown
841,840,Driver License,DOC819049,KYC Bot
842,841,National ID,DOC105394,KYC Bot
843,842,Driver License,DOC353429,Alice Brown
844,843,Utility Bill,DOC337660,KYC Bot
845,844,Driver License,DOC621919,SystemAuto
846,845,National ID,DOC979322,SystemAuto
847,846,National ID,DOC426626,SystemAuto
848,847,Passport,DOC387788,Alice Brown
849,848,Driver License,DOC335527,John Smith
850,849,Driver License,DOC109407,Alice Brown
851,850,Passport,DOC619706,Verification Team
852,851,National ID,DOC472103,Verification Team
853,852,Utility Bill,DOC633702,KYC Bot
854,853,National ID,DOC457429,Alice Brown
855,854,National ID,DOC196118,Verification Team
856,855,Passport,DOC181266,KYC Bot
857,856,National ID,DOC419569,KYC Bot
858,857,National ID,DOC701533,Alice Brown
859,858,Utility Bill,DOC542806,John Smith
860,859,National ID,DOC337247,SystemAuto
861,860,National ID,DOC874861,SystemAuto
862,861,National ID,DOC485350,SystemAuto
863,862,National ID,DOC499677,Verification Team
864,863,Utility Bill,DOC895013,SystemAuto
865,864,Driver License,DOC252543,Verification Team
866,865,National ID,DOC342880,Verification Team
867,866,Utility Bill,DOC401887,Alice Brown
868,867,Passport,DOC308993,Verification Team
869,868,Passport,DOC878450,SystemAuto
870,869,Driver License,DOC913950,Verification Team
871,870,Utility Bill,DOC604490,John Smith
872,871,Utility Bill,DOC792065,SystemAuto
873,872,Driver License,DOC919534,SystemAuto
874,873,Passport,DOC476614,SystemAuto
875,874,National ID,DOC396640,Alice Brown
876,875,National ID,DOC503009,SystemAuto
877,876,Utility Bill,DOC742165,Verification Team
878,877,Utility Bill,DOC235653,KYC Bot
879,878,Driver License,DOC971526,John Smith
880,879,Passport,DOC916375,Verification Team
881,880,Driver License,DOC225262,Verification Team
882,881,National ID,DOC520680,Verification Team
883,882,Utility Bill,DOC472306,John Smith
884,883,National ID,DOC624553,Alice Brown
885,884,Driver License,DOC593846,Alice Brown
886,885,Driver License,DOC339754,John Smith
887,886,Utility Bill,DOC788056,John Smith
888,887,Passport,DOC843755,Verification Team
889,888,National ID,DOC492102,John Smith
890,889,Passport,DOC762867,John Smith
891,890,Driver License,DOC476177,John Smith
892,891,National ID,DOC552903,John Smith
893,892,Driver License,DOC390887,Alice Brown
894,893,Utility Bill,DOC476663,KYC Bot
895,894,National ID,DOC520351,Alice Brown
896,895,Driver License,DOC904597,John Smith
897,896,Driver License,DOC903519,Verification Team
898,897,National ID,DOC849070,Alice Brown
899,898,Driver License,DOC396857,John Smith
900,899,Passport,DOC210403,SystemAuto
901,900,Driver License,DOC603030,John Smith
902,901,Passport,DOC405512,KYC Bot
903,902,National ID,DOC226487,John Smith
904,903,Driver License,DOC567651,John Smith
905,904,Passport,DOC261759,Verification Team
906,905,Utility Bill,DOC460726,SystemAuto
907,906,Passport,DOC355361,Alice Brown
908,907,Passport,DOC879429,Verification Team
909,908,National ID,DOC296021,KYC Bot
910,909,Passport,DOC454518,John Smith
911,910,Passport,DOC623559,Alice Brown
912,911,National ID,DOC339806,SystemAuto
913,912,Driver License,DOC215317,Verification Team
914,913,Passport,DOC814190,Alice Brown
915,914,Passport,DOC502555,Verification Team
916,915,Driver License,DOC507599,John Smith
917,916,Utility Bill,DOC587397,SystemAuto
918,917,National ID,DOC638479,John Smith
919,918,National ID,DOC584206,John Smith
920,919,Utility Bill,DOC693382,Verification Team
921,920,Utility Bill,DOC968744,SystemAuto
922,921,National ID,DOC748115,KYC Bot
923,922,Driver License,DOC331373,John Smith
924,923,Driver License,DOC808448,John Smith
925,924,National ID,DOC518684,KYC Bot
926,925,Driver License,DOC626618,Verification Team
927,926,Utility Bill,DOC426322,SystemAuto
928,927,Utility Bill,DOC610318,Verification Team
929,928,Passport,DOC343957,Alice Brown
930,929,Utility Bill,DOC429802,John Smith
931,930,Driver License,DOC643076,John Smith
932,931,Utility Bill,DOC817143,KYC Bot
933,932,Passport,DOC101720,Alice Brown
934,933,Passport,DOC196359,KYC Bot
935,934,Utility Bill,DOC594682,John Smith
936,935,Utility Bill,DOC432550,Alice Brown
937,936,National ID,DOC513420,John Smith
938,937,Passport,DOC338423,SystemAuto
939,938,National ID,DOC960635,Alice Brown
940,939,National ID,DOC552304,KYC Bot
941,940,Passport,DOC150991,Alice Brown
942,941,Driver License,DOC703332,Alice Brown
943,942,National ID,DOC908836,Verification Team
944,943,National ID,DOC142400,Verification Team
945,944,National ID,DOC526249,Alice Brown
946,945,Passport,DOC198018,John Smith
947,946,National ID,DOC376260,Alice Brown
948,947,National ID,DOC310031,Verification Team
949,948,Passport,DOC860668,KYC Bot
950,949,Utility Bill,DOC442686,SystemAuto
951,950,Passport,DOC287245,John Smith
952,951,Utility Bill,DOC218602,KYC Bot
953,952,National ID,DOC289606,SystemAuto
954,953,Passport,DOC935936,Verification Team
955,954,Driver License,DOC832586,SystemAuto
956,955,Driver License,DOC481843,Verification Team
957,956,Utility Bill,DOC129635,John Smith
958,957,Passport,DOC345087,KYC Bot
959,958,Passport,DOC145816,John Smith
960,959,Utility Bill,DOC108485,KYC Bot
961,960,Passport,DOC501260,Alice Brown
962,961,Driver License,DOC660544,Verification Team
963,962,Driver License,DOC104725,John Smith
964,963,National ID,DOC235954,John Smith
965,964,Utility Bill,DOC222150,SystemAuto
966,965,National ID,DOC961411,Alice Brown
967,966,Driver License,DOC734016,KYC Bot
968,967,National ID,DOC735310,Alice Brown
969,968,Utility Bill,DOC309050,KYC Bot
970,969,Driver License,DOC185526,Verification Team
971,970,Driver License,DOC877058,SystemAuto
972,971,Utility Bill,DOC588731,Alice Brown
973,972,Utility Bill,DOC307309,KYC Bot
974,973,Passport,DOC988947,KYC Bot
975,974,Driver License,DOC101567,Verification Team
976,975,Driver License,DOC645490,John Smith
977,976,Utility Bill,DOC751581,Verification Team
978,977,Passport,DOC987209,Verification Team
979,978,Driver License,DOC535372,John Smith
980,979,Passport,DOC170022,SystemAuto
981,980,Utility Bill,DOC663013,Alice Brown
982,981,Utility Bill,DOC285739,Verification Team
983,982,Passport,DOC345682,KYC Bot
984,983,Utility Bill,DOC337974,Verification Team
985,984,Driver License,DOC535604,Verification Team
986,985,Utility Bill,DOC500481,KYC Bot
987,986,Passport,DOC597743,John Smith
988,987,Passport,DOC946601,KYC Bot
989,988,Driver License,DOC100387,John Smith
990,989,Passport,DOC556983,KYC Bot
991,990,Driver License,DOC320309,SystemAuto
992,991,Driver License,DOC499764,SystemAuto
993,992,National ID,DOC902525,Verification Team
994,993,Driver License,DOC143196,KYC Bot
995,994,Utility Bill,DOC745672,SystemAuto
996,995,Driver License,DOC382400,Verification Team
997,996,National ID,DOC129939,KYC Bot
998,997,Passport,DOC711121,John Smith
999,998,Driver License,DOC463927,SystemAuto
1000,999,National ID,DOC838043,John Smith
